audios/audio_20210811_024912_17.wav||solo logro convencerme más hondamente
audios/audio_20210811_024906_0.wav||observado a alguien que no sabe que le
audios/audio_20210811_024906_9.wav||será que Dios se conmueve hace mucho tiempo que no sale pero mira quién tú quieres toca lo que se te muere porque me hace esto porque va a Nico si quieres dile al maquinista que se fueron todos los pies de que se despierta que no sabe que tiene una lista con todo lo que digo se complica puede ser he comprado el día de Molina aún me quedan si aciertas noche o de la Encina escribiendo un beso para paliar hablo con la he mirado el fondo y ahora entiendo que me gusta a mí me da miedo no volver a vernos nunca
audios/audio_20210811_024437_4.wav||queda bien no lo sé pero es que esa letra me gusta mucho vale
audios/audio_20210811_024912_11.wav||pauta concurrencia de hechos y consecuencia
audios/audio_20210811_024912_33.wav||trágica en las barracas
audios/audio_20210811_024912_30.wav||ver película Road de Noir el temático rigor de aquí ahora
audios/audio_20210811_024912_16.wav||venta disimular o atenuar el dramático rigor de a esa hora
audios/audio_20210811_024437_0.wav||Caso Cerrado alguien que no sabe que
audios/audio_20210811_024437_1.wav||dianas niños
audios/audio_20210811_024451_14.wav||burro en peligro
audios/audio_20210811_024912_26.wav||tú en peligro
audios/audio_20210811_024451_15.wav||ocurrido un lustro
audios/audio_20210811_024451_11.wav||que la vida es un pañuelo es coger un vuelo de finito de influencia estadio mambo casi Hero
audios/audio_20210811_024451_7.wav||pauta concurrencia de hechos y consecuencias
audios/audio_20210811_024451_8.wav||puso en peligro de desintegración a nuestra
audios/audio_20210811_024906_1.wav||anciana asesinada en hornillos
audios/audio_20210811_024906_6.wav||no lo sé pero es que esa letra me gusta muy malo
audios/audio_20210811_024451_9.wav||corrido un lustro el tie
audios/audio_20210811_024912_21.wav||definido de influencia estudio mambo callejero
audios/audio_20210811_024912_19.wav||que la vida es un pañuelo es coger un vuelo
audios/audio_20210811_024912_24.wav||renta de hechos y consecuencia
audios/audio_20210811_024906_15.wav||mamá
audios/audio_20210811_024451_16.wav||singularu atenuar temático rigor de aquí ahora solo logra convencer na más hondamente trágica e islas
audios/audio_20210811_024912_12.wav||uso en peligro de desintegración a nuestra